Row,City,City Name,Country,Checkin_Date,Source,Price,Air Price,# Days,Hotel Name,URL,url_flight,Final Price
62,CGR,Campo Grande,Brazil,2026-09-05,booking,1080,1020,2,Pousada Pantanal Experiência (190km),https://www.booking.com/searchresults.pt-br.html?ss=Pousada+Pantanal+Experi%C3%AAncia%2C+Miranda&checkin=2026-09-05&checkout=2026-09-07&group_adults=2&no_rooms=1&group_children=&age=&selected_currency=BRL,https://www.google.com/travel/explore?tfs=CBwQAxopEgoyMDI2LTA2LTEzag0IAxIJL20vMDIycGZtcgwIBBIIL20vMDJqNzEaKRIKMjAyNi0wNi0xNGoMCAQSCC9tLzAyajcxcg0IAxIJL20vMDIycGZtQAFIAXABggELCP___________wGYAQGyAQIgAQ&tfu=GioaKAoSCfGsOLrXgkLAEYDM2geLYUrAEhIJjwdQ_nX2R8ARQGbtgzWKVsA&hl=pt&curr=BRL,7200.0
65,NVT,Navegantes,Brazil,2026-09-04,booking,1105,1020,3,B14 Suítes (Beto),https://www.booking.com/searchresults.pt-br.html?ss=B14+Su%C3%ADtes%2C+Penha%2C+Santa+Catarina%2C+Brasil&checkin=2026-09-04&checkout=2026-09-07&group_adults=2&no_rooms=1&group_children=&age=&selected_currency=BRL,https://www.google.com/travel/explore?tfs=CBwQAxopEgoyMDI2LTA2LTEzag0IAxIJL20vMDIycGZtcgwIBBIIL20vMDJqNzEaKRIKMjAyNi0wNi0xNGoMCAQSCC9tLzAyajcxcg0IAxIJL20vMDIycGZtQAFIAXABggELCP___________wGYAQGyAQIgAQ&tfu=GioaKAoSCQl02cp_wzvAEYDM2gcriUbAEhIJbf7U094ERMARQGbtgwWeVMA&hl=pt&curr=BRL,7225.0
66,NVT,Navegantes,Brazil,2026-09-05,booking,1120,1020,2,B14 Suítes (Beto),https://www.booking.com/searchresults.pt-br.html?ss=B14+Su%C3%ADtes%2C+Penha%2C+Santa+Catarina%2C+Brasil&checkin=2026-09-05&checkout=2026-09-07&group_adults=2&no_rooms=1&group_children=&age=&selected_currency=BRL,https://www.google.com/travel/explore?tfs=CBwQAxopEgoyMDI2LTA2LTEzag0IAxIJL20vMDIycGZtcgwIBBIIL20vMDJqNzEaKRIKMjAyNi0wNi0xNGoMCAQSCC9tLzAyajcxcg0IAxIJL20vMDIycGZtQAFIAXABggELCP___________wGYAQGyAQIgAQ&tfu=GioaKAoSCfGsOLrXgkLAEYDM2geLYUrAEhIJjwdQ_nX2R8ARQGbtgzWKVsA&hl=pt&curr=BRL,7240.0
57,BVB,Boa Vista,Brazil,2026-09-04,booking,1165,1020,3,Ibis Styles,https://www.booking.com/searchresults.pt-br.html?ss=ibis+Styles+Boa+Vista%2C+Boa+Vista%2C+Roraima&checkin=2026-09-04&checkout=2026-09-07&group_adults=2&no_rooms=1&group_children=&age=&selected_currency=BRL,https://www.google.com/travel/explore?tfs=CBwQAxopEgoyMDI2LTA2LTEzag0IAxIJL20vMDIycGZtcgwIBBIIL20vMDJqNzEaKRIKMjAyNi0wNi0xNGoMCAQSCC9tLzAyajcxcg0IAxIJL20vMDIycGZtQAFIAXABggELCP___________wGYAQGyAQIgAQ&tfu=GioaKAoSCQl02cp_wzvAEYDM2gcriUbAEhIJbf7U094ERMARQGbtgwWeVMA&hl=pt&curr=BRL,7285.0
7,FTE,El Calafate,Argentina,2026-09-05,booking,1397,1020,2,Wyndham El Calafate,https://www.booking.com/searchresults.pt-br.html?ss=Esplendor+by+Wyndham+El+Calafate%2C+El+Calafate%2C+Santa+Cruz+%28El+Calafate+and+Vicinity%29%2C+Argentina&checkin=2026-09-05&checkout=2026-09-07&group_adults=2&no_rooms=1&group_children=&age=&selected_currency=BRL,https://www.google.com/travel/explore?tfs=CBwQAxopEgoyMDI2LTA2LTEzag0IAxIJL20vMDIycGZtcgwIBBIIL20vMDJqNzEaKRIKMjAyNi0wNi0xNGoMCAQSCC9tLzAyajcxcg0IAxIJL20vMDIycGZtQAFIAXABggELCP___________wGYAQGyAQIgAQ&tfu=GioaKAoSCfGsOLrXgkLAEYDM2geLYUrAEhIJjwdQ_nX2R8ARQGbtgzWKVsA&hl=pt&curr=BRL,7517.0
66,NVT,Navegantes,Brazil,2026-09-05,booking,1404,1020,2,Liwe Hotels,https://www.booking.com/searchresults.pt-br.html?ss=Liwe+Hotels%2C+Penha%2C+Santa+Catarina%2C+Brasil&checkin=2026-09-05&checkout=2026-09-07&group_adults=2&no_rooms=1&group_children=&age=&selected_currency=BRL,https://www.google.com/travel/explore?tfs=CBwQAxopEgoyMDI2LTA2LTEzag0IAxIJL20vMDIycGZtcgwIBBIIL20vMDJqNzEaKRIKMjAyNi0wNi0xNGoMCAQSCC9tLzAyajcxcg0IAxIJL20vMDIycGZtQAFIAXABggELCP___________wGYAQGyAQIgAQ&tfu=GioaKAoSCfGsOLrXgkLAEYDM2geLYUrAEhIJjwdQ_nX2R8ARQGbtgzWKVsA&hl=pt&curr=BRL,7524.0
7,FTE,El Calafate,Argentina,2026-09-05,booking,1415,1020,2,Hotel Kosten Aike,https://www.booking.com/searchresults.pt-br.html?ss=Hotel+Kosten+Aike%2C+El+Calafate%2C+Santa+Cruz%2C+Argentina&checkin=2026-09-05&checkout=2026-09-07&group_adults=2&no_rooms=1&group_children=&age=&selected_currency=BRL,https://www.google.com/travel/explore?tfs=CBwQAxopEgoyMDI2LTA2LTEzag0IAxIJL20vMDIycGZtcgwIBBIIL20vMDJqNzEaKRIKMjAyNi0wNi0xNGoMCAQSCC9tLzAyajcxcg0IAxIJL20vMDIycGZtQAFIAXABggELCP___________wGYAQGyAQIgAQ&tfu=GioaKAoSCfGsOLrXgkLAEYDM2geLYUrAEhIJjwdQ_nX2R8ARQGbtgzWKVsA&hl=pt&curr=BRL,7535.0
10,MDZ,Mendoza,Argentina,2026-09-05,booking,1455,1020,2,La Morada Lodge,https://www.booking.com/searchresults.pt-br.html?ss=La+Morada+Lodge%2C+Vista+Flores&checkin=2026-09-05&checkout=2026-09-07&group_adults=2&no_rooms=1&group_children=&age=&selected_currency=BRL,https://www.google.com/travel/explore?tfs=CBwQAxopEgoyMDI2LTA2LTEzag0IAxIJL20vMDIycGZtcgwIBBIIL20vMDJqNzEaKRIKMjAyNi0wNi0xNGoMCAQSCC9tLzAyajcxcg0IAxIJL20vMDIycGZtQAFIAXABggELCP___________wGYAQGyAQIgAQ&tfu=GioaKAoSCQl02cp_wzvAEYDM2gcriUbAEhIJbf7U094ERMARQGbtgwWeVMA&hl=pt&curr=BRL,7575.0
68,PMW,Palmas,Brazil,2026-09-05,booking,1564,1020,2,Pousada Ilha Canela,https://www.booking.com/searchresults.pt-br.html?ss=Pousada+Ilha+Canela%2C+Palmas%2C+Tocantins%2C+Brasil&checkin=2026-09-05&checkout=2026-09-07&group_adults=2&no_rooms=1&group_children=&age=&selected_currency=BRL,https://www.google.com/travel/explore?tfs=CBwQAxopEgoyMDI2LTA2LTEzag0IAxIJL20vMDIycGZtcgwIBBIIL20vMDJqNzEaKRIKMjAyNi0wNi0xNGoMCAQSCC9tLzAyajcxcg0IAxIJL20vMDIycGZtQAFIAXABggELCP___________wGYAQGyAQIgAQ&tfu=GioaKAoSCfGsOLrXgkLAEYDM2geLYUrAEhIJjwdQ_nX2R8ARQGbtgzWKVsA&hl=pt&curr=BRL,7684.0
65,NVT,Navegantes,Brazil,2026-09-04,booking,2106,1020,3,Liwe Hotels,https://www.booking.com/searchresults.pt-br.html?ss=Liwe+Hotels%2C+Penha%2C+Santa+Catarina%2C+Brasil&checkin=2026-09-04&checkout=2026-09-07&group_adults=2&no_rooms=1&group_children=&age=&selected_currency=BRL,https://www.google.com/travel/explore?tfs=CBwQAxopEgoyMDI2LTA2LTEzag0IAxIJL20vMDIycGZtcgwIBBIIL20vMDJqNzEaKRIKMjAyNi0wNi0xNGoMCAQSCC9tLzAyajcxcg0IAxIJL20vMDIycGZtQAFIAXABggELCP___________wGYAQGyAQIgAQ&tfu=GioaKAoSCQl02cp_wzvAEYDM2gcriUbAEhIJbf7U094ERMARQGbtgwWeVMA&hl=pt&curr=BRL,8226.0
70,CXJ,Caxias do Sul,Brazil,2026-09-05,booking,2416,1020,2,Alpestre (Gramado),https://www.booking.com/searchresults.pt-br.html?ss=Hotel+Alpestre%2C+Gramado&checkin=2026-09-05&checkout=2026-09-07&group_adults=2&no_rooms=1&group_children=&age=&selected_currency=BRL,https://www.google.com/travel/explore?tfs=CBwQAxopEgoyMDI2LTA2LTEzag0IAxIJL20vMDIycGZtcgwIBBIIL20vMDJqNzEaKRIKMjAyNi0wNi0xNGoMCAQSCC9tLzAyajcxcg0IAxIJL20vMDIycGZtQAFIAXABggELCP___________wGYAQGyAQIgAQ&tfu=GioaKAoSCfGsOLrXgkLAEYDM2geLYUrAEhIJjwdQ_nX2R8ARQGbtgzWKVsA&hl=pt&curr=BRL,8536.0
31,BUE,Unknown,Unknown,2026-09-04,booking,2509,1020,3,Hotel Grand Brizo Buenos Aires,https://www.booking.com/searchresults.pt-br.html?ss=Hotel+Grand+Brizo+Buenos+Aires%2C+Buenos+Aires%2C+Argentina&checkin=2026-09-04&checkout=2026-09-07&group_adults=2&no_rooms=1&group_children=&age=&selected_currency=BRL,https://www.google.com/travel/explore?tfs=CBwQAxopEgoyMDI2LTA2LTEzag0IAxIJL20vMDIycGZtcgwIBBIIL20vMDJqNzEaKRIKMjAyNi0wNi0xNGoMCAQSCC9tLzAyajcxcg0IAxIJL20vMDIycGZtQAFIAXABggELCP___________wGYAQGyAQIgAQ&tfu=GioaKAoSCfGsOLrXgkLAEYDM2geLYUrAEhIJjwdQ_nX2R8ARQGbtgzWKVsA&hl=pt&curr=BRL,8629.0
67,PMW,Palmas,Brazil,2026-09-04,booking,2709,1020,3,Pousada Ilha Canela,https://www.booking.com/searchresults.pt-br.html?ss=Pousada+Ilha+Canela%2C+Palmas%2C+Tocantins%2C+Brasil&checkin=2026-09-04&checkout=2026-09-07&group_adults=2&no_rooms=1&group_children=&age=&selected_currency=BRL,https://www.google.com/travel/explore?tfs=CBwQAxopEgoyMDI2LTA2LTEzag0IAxIJL20vMDIycGZtcgwIBBIIL20vMDJqNzEaKRIKMjAyNi0wNi0xNGoMCAQSCC9tLzAyajcxcg0IAxIJL20vMDIycGZtQAFIAXABggELCP___________wGYAQGyAQIgAQ&tfu=GioaKAoSCQl02cp_wzvAEYDM2gcriUbAEhIJbf7U094ERMARQGbtgwWeVMA&hl=pt&curr=BRL,8829.0
4,AEP,Buenos Aires,Argentina,2026-09-04,booking,2783,1020,3,Hotel Grand Brizo Buenos Aires,https://www.booking.com/searchresults.pt-br.html?ss=Hotel+Grand+Brizo+Buenos+Aires%2C+Buenos+Aires%2C+Argentina&checkin=2026-09-04&checkout=2026-09-07&group_adults=2&no_rooms=1&group_children=&age=&selected_currency=BRL,https://www.google.com/travel/explore?tfs=CBwQAxopEgoyMDI2LTA2LTEzag0IAxIJL20vMDIycGZtcgwIBBIIL20vMDJqNzEaKRIKMjAyNi0wNi0xNGoMCAQSCC9tLzAyajcxcg0IAxIJL20vMDIycGZtQAFIAXABggELCP___________wGYAQGyAQIgAQ&tfu=GioaKAoSCQl02cp_wzvAEYDM2gcriUbAEhIJbf7U094ERMARQGbtgwWeVMA&hl=pt&curr=BRL,8903.0
5,AEP,Buenos Aires,Argentina,2026-09-05,booking,2809,1020,2,"Recoleta Grand, Buenos Aires, a Tribute Portfolio Hotel",https://www.booking.com/searchresults.pt-br.html?ss=Recoleta+Grand%2C+Buenos+Aires%2C+a+Tribute+Portfolio+Hotel%2C+Buenos+Aires%2C+Argentina&checkin=2026-09-05&checkout=2026-09-07&group_adults=2&no_rooms=1&group_children=&age=&selected_currency=BRL,https://www.google.com/travel/explore?tfs=CBwQAxopEgoyMDI2LTA2LTEzag0IAxIJL20vMDIycGZtcgwIBBIIL20vMDJqNzEaKRIKMjAyNi0wNi0xNGoMCAQSCC9tLzAyajcxcg0IAxIJL20vMDIycGZtQAFIAXABggELCP___________wGYAQGyAQIgAQ&tfu=GioaKAoSCfGsOLrXgkLAEYDM2geLYUrAEhIJjwdQ_nX2R8ARQGbtgzWKVsA&hl=pt&curr=BRL,8929.0
32,BUE,Unknown,Unknown,2026-09-05,booking,2809,1020,2,"Recoleta Grand, Buenos Aires, a Tribute Portfolio Hotel",https://www.booking.com/searchresults.pt-br.html?ss=Recoleta+Grand%2C+Buenos+Aires%2C+a+Tribute+Portfolio+Hotel%2C+Buenos+Aires%2C+Argentina&checkin=2026-09-05&checkout=2026-09-07&group_adults=2&no_rooms=1&group_children=&age=&selected_currency=BRL,https://www.google.com/travel/explore?tfs=CBwQAxopEgoyMDI2LTA2LTEzag0IAxIJL20vMDIycGZtcgwIBBIIL20vMDJqNzEaKRIKMjAyNi0wNi0xNGoMCAQSCC9tLzAyajcxcg0IAxIJL20vMDIycGZtQAFIAXABggELCP___________wGYAQGyAQIgAQ&tfu=GioaKAoSCQl02cp_wzvAEYDM2gcriUbAEhIJbf7U094ERMARQGbtgwWeVMA&hl=pt&curr=BRL,8929.0
62,CGR,Campo Grande,Brazil,2026-09-05,booking,2880,1020,2,Pousada Boyrá (Bonito),https://www.booking.com/searchresults.pt-br.html?ss=Pousada+Boyr%C3%A1%2C+Bonito&checkin=2026-09-05&checkout=2026-09-07&group_adults=2&no_rooms=1&group_children=&age=&selected_currency=BRL,https://www.google.com/travel/explore?tfs=CBwQAxopEgoyMDI2LTA2LTEzag0IAxIJL20vMDIycGZtcgwIBBIIL20vMDJqNzEaKRIKMjAyNi0wNi0xNGoMCAQSCC9tLzAyajcxcg0IAxIJL20vMDIycGZtQAFIAXABggELCP___________wGYAQGyAQIgAQ&tfu=GioaKAoSCfGsOLrXgkLAEYDM2geLYUrAEhIJjwdQ_nX2R8ARQGbtgzWKVsA&hl=pt&curr=BRL,9000.0
59,BYO,Bonito,Brazil,2026-09-05,booking,2880,1020,2,Pousada Boyrá (Bonito),https://www.booking.com/searchresults.pt-br.html?ss=Pousada+Boyr%C3%A1%2C+Bonito&checkin=2026-09-05&checkout=2026-09-07&group_adults=2&no_rooms=1&group_children=&age=&selected_currency=BRL,https://www.google.com/travel/explore?tfs=CBwQAxopEgoyMDI2LTA2LTEzag0IAxIJL20vMDIycGZtcgwIBBIIL20vMDJqNzEaKRIKMjAyNi0wNi0xNGoMCAQSCC9tLzAyajcxcg0IAxIJL20vMDIycGZtQAFIAXABggELCP___________wGYAQGyAQIgAQ&tfu=GioaKAoSCQl02cp_wzvAEYDM2gcriUbAEhIJbf7U094ERMARQGbtgwWeVMA&hl=pt&curr=BRL,9000.0
69,CXJ,Caxias do Sul,Brazil,2026-09-04,booking,2930,1020,3,249 DESIGN (Gramado),https://www.booking.com/searchresults.pt-br.html?ss=249+DESIGN+HOTEL%2C+Gramado&checkin=2026-09-04&checkout=2026-09-07&group_adults=2&no_rooms=1&group_children=&age=&selected_currency=BRL,https://www.google.com/travel/explore?tfs=CBwQAxopEgoyMDI2LTA2LTEzag0IAxIJL20vMDIycGZtcgwIBBIIL20vMDJqNzEaKRIKMjAyNi0wNi0xNGoMCAQSCC9tLzAyajcxcg0IAxIJL20vMDIycGZtQAFIAXABggELCP___________wGYAQGyAQIgAQ&tfu=GioaKAoSCQl02cp_wzvAEYDM2gcriUbAEhIJbf7U094ERMARQGbtgwWeVMA&hl=pt&curr=BRL,9050.0
16,BRC,Bariloche,Argentina,2026-09-04,booking,2978,1020,3,Nido del Condor Hotel & Spa,https://www.booking.com/searchresults.pt-br.html?ss=Nido+del+C%C3%B3ndor+Hotel+%26+Spa%2C+San+Carlos+de+Bariloche&checkin=2026-09-04&checkout=2026-09-07&group_adults=2&no_rooms=1&group_children=&age=&selected_currency=BRL,https://www.google.com/travel/explore?tfs=CBwQAxopEgoyMDI2LTA2LTEzag0IAxIJL20vMDIycGZtcgwIBBIIL20vMDJqNzEaKRIKMjAyNi0wNi0xNGoMCAQSCC9tLzAyajcxcg0IAxIJL20vMDIycGZtQAFIAXABggELCP___________wGYAQGyAQIgAQ&tfu=GioaKAoSCQl02cp_wzvAEYDM2gcriUbAEhIJbf7U094ERMARQGbtgwWeVMA&hl=pt&curr=BRL,9098.0
60,CPV,Campina Grande,Brazil,2026-09-04,booking,3122,1020,3,LS Hotel,https://www.booking.com/searchresults.pt-br.html?ss=LS+Hotel%2C+Jo%C3%A3o+Pessoa&checkin=2026-09-04&checkout=2026-09-07&group_adults=2&no_rooms=1&group_children=&age=&selected_currency=BRL,https://www.google.com/travel/explore?tfs=CBwQAxopEgoyMDI2LTA2LTEzag0IAxIJL20vMDIycGZtcgwIBBIIL20vMDJqNzEaKRIKMjAyNi0wNi0xNGoMCAQSCC9tLzAyajcxcg0IAxIJL20vMDIycGZtQAFIAXABggELCP___________wGYAQGyAQIgAQ&tfu=GioaKAoSCfGsOLrXgkLAEYDM2geLYUrAEhIJjwdQ_nX2R8ARQGbtgzWKVsA&hl=pt&curr=BRL,9242.0
66,NVT,Navegantes,Brazil,2026-09-05,booking,3404,1020,2,Pousada Pedra da Ilha (Beto) 10km,https://www.booking.com/searchresults.pt-br.html?ss=Pousada+Pedra+da+Ilha%2C+Penha%2C+Santa+Catarina&checkin=2026-09-05&checkout=2026-09-07&group_adults=2&no_rooms=1&group_children=&age=&selected_currency=BRL,https://www.google.com/travel/explore?tfs=CBwQAxopEgoyMDI2LTA2LTEzag0IAxIJL20vMDIycGZtcgwIBBIIL20vMDJqNzEaKRIKMjAyNi0wNi0xNGoMCAQSCC9tLzAyajcxcg0IAxIJL20vMDIycGZtQAFIAXABggELCP___________wGYAQGyAQIgAQ&tfu=GioaKAoSCfGsOLrXgkLAEYDM2geLYUrAEhIJjwdQ_nX2R8ARQGbtgzWKVsA&hl=pt&curr=BRL,9524.0
70,CXJ,Caxias do Sul,Brazil,2026-09-05,booking,3571,1020,2,Hubertus (Gramado),https://www.booking.com/searchresults.pt-br.html?ss=Hotel+Estalagem+St.+Hubertus%2C+Gramado&checkin=2026-09-05&checkout=2026-09-07&group_adults=2&no_rooms=1&group_children=&age=&selected_currency=BRL,https://www.google.com/travel/explore?tfs=CBwQAxopEgoyMDI2LTA2LTEzag0IAxIJL20vMDIycGZtcgwIBBIIL20vMDJqNzEaKRIKMjAyNi0wNi0xNGoMCAQSCC9tLzAyajcxcg0IAxIJL20vMDIycGZtQAFIAXABggELCP___________wGYAQGyAQIgAQ&tfu=GioaKAoSCfGsOLrXgkLAEYDM2geLYUrAEhIJjwdQ_nX2R8ARQGbtgzWKVsA&hl=pt&curr=BRL,9691.0
54,CNF,Belo Horizonte,Brazil,2026-09-05,booking,3853,1020,2,Hotel Solar do Rosário,https://www.booking.com/searchresults.pt-br.html?ss=Hotel+Solar+do+Ros%C3%A1rio%2C+Ouro+Preto&checkin=2026-09-05&checkout=2026-09-07&group_adults=2&no_rooms=1&group_children=&age=&selected_currency=BRL,https://www.google.com/travel/explore?tfs=CBwQAxopEgoyMDI2LTA2LTEzag0IAxIJL20vMDIycGZtcgwIBBIIL20vMDJqNzEaKRIKMjAyNi0wNi0xNGoMCAQSCC9tLzAyajcxcg0IAxIJL20vMDIycGZtQAFIAXABggELCP___________wGYAQGyAQIgAQ&tfu=GioaKAoSCfGsOLrXgkLAEYDM2geLYUrAEhIJjwdQ_nX2R8ARQGbtgzWKVsA&hl=pt&curr=BRL,9973.0
70,CXJ,Caxias do Sul,Brazil,2026-09-05,booking,3861,1020,2,Celeiro Lake Village,https://www.booking.com/searchresults.pt-br.html?ss=Celeiro+Lake+Village%2C+S%C3%A3o+Francisco+de+Paula&checkin=2026-09-05&checkout=2026-09-07&group_adults=2&no_rooms=1&group_children=&age=&selected_currency=BRL,https://www.google.com/travel/explore?tfs=CBwQAxopEgoyMDI2LTA2LTEzag0IAxIJL20vMDIycGZtcgwIBBIIL20vMDJqNzEaKRIKMjAyNi0wNi0xNGoMCAQSCC9tLzAyajcxcg0IAxIJL20vMDIycGZtQAFIAXABggELCP___________wGYAQGyAQIgAQ&tfu=GioaKAoSCfGsOLrXgkLAEYDM2geLYUrAEhIJjwdQ_nX2R8ARQGbtgzWKVsA&hl=pt&curr=BRL,9981.0
69,CXJ,Caxias do Sul,Brazil,2026-09-04,booking,4002,1020,3,Alpestre (Gramado),https://www.booking.com/searchresults.pt-br.html?ss=Hotel+Alpestre%2C+Gramado&checkin=2026-09-04&checkout=2026-09-07&group_adults=2&no_rooms=1&group_children=&age=&selected_currency=BRL,https://www.google.com/travel/explore?tfs=CBwQAxopEgoyMDI2LTA2LTEzag0IAxIJL20vMDIycGZtcgwIBBIIL20vMDJqNzEaKRIKMjAyNi0wNi0xNGoMCAQSCC9tLzAyajcxcg0IAxIJL20vMDIycGZtQAFIAXABggELCP___________wGYAQGyAQIgAQ&tfu=GioaKAoSCQl02cp_wzvAEYDM2gcriUbAEhIJbf7U094ERMARQGbtgwWeVMA&hl=pt&curr=BRL,10122.0
5,AEP,Buenos Aires,Argentina,2026-09-05,booking,4099,1020,2,SLS Buenos Aires Puerto Madero,https://www.booking.com/searchresults.pt-br.html?ss=SLS+Buenos+Aires+Puerto+Madero%2C+Buenos+Aires%2C+Argentina&checkin=2026-09-05&checkout=2026-09-07&group_adults=2&no_rooms=1&group_children=&age=&selected_currency=BRL,https://www.google.com/travel/explore?tfs=CBwQAxopEgoyMDI2LTA2LTEzag0IAxIJL20vMDIycGZtcgwIBBIIL20vMDJqNzEaKRIKMjAyNi0wNi0xNGoMCAQSCC9tLzAyajcxcg0IAxIJL20vMDIycGZtQAFIAXABggELCP___________wGYAQGyAQIgAQ&tfu=GioaKAoSCfGsOLrXgkLAEYDM2geLYUrAEhIJjwdQ_nX2R8ARQGbtgzWKVsA&hl=pt&curr=BRL,10219.0
60,CPV,Campina Grande,Brazil,2026-09-04,booking,4266,1020,3,Oceana,https://www.booking.com/searchresults.pt-br.html?ss=Oceana+Atl%C3%A2ntico+Hotel%2C+Jo%C3%A3o+Pessoa&checkin=2026-09-04&checkout=2026-09-07&group_adults=2&no_rooms=1&group_children=&age=&selected_currency=BRL,https://www.google.com/travel/explore?tfs=CBwQAxopEgoyMDI2LTA2LTEzag0IAxIJL20vMDIycGZtcgwIBBIIL20vMDJqNzEaKRIKMjAyNi0wNi0xNGoMCAQSCC9tLzAyajcxcg0IAxIJL20vMDIycGZtQAFIAXABggELCP___________wGYAQGyAQIgAQ&tfu=GioaKAoSCfGsOLrXgkLAEYDM2geLYUrAEhIJjwdQ_nX2R8ARQGbtgzWKVsA&hl=pt&curr=BRL,10386.0
69,CXJ,Caxias do Sul,Brazil,2026-09-04,booking,4268,1020,3,Wyndham (snowland),https://www.booking.com/searchresults.pt-br.html?ss=Wyndham+Gramado+Termas+Resort+%26+Spa%2C+Gramado%2C+Rio+Grande+do+Sul&checkin=2026-09-04&checkout=2026-09-07&group_adults=2&no_rooms=1&group_children=&age=&selected_currency=BRL,https://www.google.com/travel/explore?tfs=CBwQAxopEgoyMDI2LTA2LTEzag0IAxIJL20vMDIycGZtcgwIBBIIL20vMDJqNzEaKRIKMjAyNi0wNi0xNGoMCAQSCC9tLzAyajcxcg0IAxIJL20vMDIycGZtQAFIAXABggELCP___________wGYAQGyAQIgAQ&tfu=GioaKAoSCQl02cp_wzvAEYDM2gcriUbAEhIJbf7U094ERMARQGbtgwWeVMA&hl=pt&curr=BRL,10388.0
61,CGR,Campo Grande,Brazil,2026-09-04,booking,4320,1020,3,Pousada Boyrá (Bonito),https://www.booking.com/searchresults.pt-br.html?ss=Pousada+Boyr%C3%A1%2C+Bonito&checkin=2026-09-04&checkout=2026-09-07&group_adults=2&no_rooms=1&group_children=&age=&selected_currency=BRL,https://www.google.com/travel/explore?tfs=CBwQAxopEgoyMDI2LTA2LTEzag0IAxIJL20vMDIycGZtcgwIBBIIL20vMDJqNzEaKRIKMjAyNi0wNi0xNGoMCAQSCC9tLzAyajcxcg0IAxIJL20vMDIycGZtQAFIAXABggELCP___________wGYAQGyAQIgAQ&tfu=GioaKAoSCQl02cp_wzvAEYDM2gcriUbAEhIJbf7U094ERMARQGbtgwWeVMA&hl=pt&curr=BRL,10440.0
60,CPV,Campina Grande,Brazil,2026-09-04,booking,4422,1020,3,Ba Ra,https://www.booking.com/searchresults.pt-br.html?ss=BA%27RA+Hotel%2C+Jo%C3%A3o+Pessoa&checkin=2026-09-04&checkout=2026-09-07&group_adults=2&no_rooms=1&group_children=&age=&selected_currency=BRL,https://www.google.com/travel/explore?tfs=CBwQAxopEgoyMDI2LTA2LTEzag0IAxIJL20vMDIycGZtcgwIBBIIL20vMDJqNzEaKRIKMjAyNi0wNi0xNGoMCAQSCC9tLzAyajcxcg0IAxIJL20vMDIycGZtQAFIAXABggELCP___________wGYAQGyAQIgAQ&tfu=GioaKAoSCfGsOLrXgkLAEYDM2geLYUrAEhIJjwdQ_nX2R8ARQGbtgzWKVsA&hl=pt&curr=BRL,10542.0
40,CAC,Cascavel,Brazil,2026-09-05,booking,4775,1020,2,Loi Suites (ARG),https://www.booking.com/searchresults.pt-br.html?ss=Loi+Suites+Iguazu+Hotel%2C+Puerto+Iguaz%C3%BA%2C+Misiones&checkin=2026-09-05&checkout=2026-09-07&group_adults=2&no_rooms=1&group_children=&age=&selected_currency=BRL,https://www.google.com/travel/explore?tfs=CBwQAxopEgoyMDI2LTA2LTEzag0IAxIJL20vMDIycGZtcgwIBBIIL20vMDJqNzEaKRIKMjAyNi0wNi0xNGoMCAQSCC9tLzAyajcxcg0IAxIJL20vMDIycGZtQAFIAXABggELCP___________wGYAQGyAQIgAQ&tfu=GioaKAoSCfGsOLrXgkLAEYDM2geLYUrAEhIJjwdQ_nX2R8ARQGbtgzWKVsA&hl=pt&curr=BRL,10895.0
63,NAT,Natal,Brazil,2026-09-04,booking,5102,1020,3,Sombra e Agua Fresca Floresta,https://www.booking.com/searchresults.pt-br.html?ss=Sombra+e+%C3%81gua+Fresca+Floresta%2C+Pipa&checkin=2026-09-04&checkout=2026-09-07&group_adults=2&no_rooms=1&group_children=&age=&selected_currency=BRL,https://www.google.com/travel/explore?tfs=CBwQAxopEgoyMDI2LTA2LTEzag0IAxIJL20vMDIycGZtcgwIBBIIL20vMDJqNzEaKRIKMjAyNi0wNi0xNGoMCAQSCC9tLzAyajcxcg0IAxIJL20vMDIycGZtQAFIAXABggELCP___________wGYAQGyAQIgAQ&tfu=GioaKAoSCQl02cp_wzvAEYDM2gcriUbAEhIJbf7U094ERMARQGbtgwWeVMA&hl=pt&curr=BRL,11222.0
60,CPV,Campina Grande,Brazil,2026-09-04,booking,5102,1020,3,Sombra e Água Floresta (145km),https://www.booking.com/searchresults.pt-br.html?ss=Sombra+e+%C3%81gua+Fresca+Floresta&checkin=2026-09-04&checkout=2026-09-07&group_adults=2&no_rooms=1&group_children=&age=&selected_currency=BRL,https://www.google.com/travel/explore?tfs=CBwQAxopEgoyMDI2LTA2LTEzag0IAxIJL20vMDIycGZtcgwIBBIIL20vMDJqNzEaKRIKMjAyNi0wNi0xNGoMCAQSCC9tLzAyajcxcg0IAxIJL20vMDIycGZtQAFIAXABggELCP___________wGYAQGyAQIgAQ&tfu=GioaKAoSCfGsOLrXgkLAEYDM2geLYUrAEhIJjwdQ_nX2R8ARQGbtgzWKVsA&hl=pt&curr=BRL,11222.0
65,NVT,Navegantes,Brazil,2026-09-04,booking,5318,1020,3,Felissimo 5 Star (17km),https://www.booking.com/searchresults.pt-br.html?ss=Felissimo+Exclusive+Hotel%2C+Balne%C3%A1rio+Cambori%C3%BA%2C+Santa+Catarina&checkin=2026-09-04&checkout=2026-09-07&group_adults=2&no_rooms=1&group_children=&age=&selected_currency=BRL,https://www.google.com/travel/explore?tfs=CBwQAxopEgoyMDI2LTA2LTEzag0IAxIJL20vMDIycGZtcgwIBBIIL20vMDJqNzEaKRIKMjAyNi0wNi0xNGoMCAQSCC9tLzAyajcxcg0IAxIJL20vMDIycGZtQAFIAXABggELCP___________wGYAQGyAQIgAQ&tfu=GioaKAoSCQl02cp_wzvAEYDM2gcriUbAEhIJbf7U094ERMARQGbtgwWeVMA&hl=pt&curr=BRL,11438.0
69,CXJ,Caxias do Sul,Brazil,2026-09-04,booking,5398,1020,3,Pousada do Engenho (São FP),https://www.booking.com/searchresults.pt-br.html?ss=Pousada+do+Engenho%2C+S%C3%A3o+Francisco+de+Paula&checkin=2026-09-04&checkout=2026-09-07&group_adults=2&no_rooms=1&group_children=&age=&selected_currency=BRL,https://www.google.com/travel/explore?tfs=CBwQAxopEgoyMDI2LTA2LTEzag0IAxIJL20vMDIycGZtcgwIBBIIL20vMDJqNzEaKRIKMjAyNi0wNi0xNGoMCAQSCC9tLzAyajcxcg0IAxIJL20vMDIycGZtQAFIAXABggELCP___________wGYAQGyAQIgAQ&tfu=GioaKAoSCQl02cp_wzvAEYDM2gcriUbAEhIJbf7U094ERMARQGbtgwWeVMA&hl=pt&curr=BRL,11518.0
9,MDZ,Mendoza,Argentina,2026-09-04,booking,5420,1020,3,Terra Uco Suites & Viñedos,https://www.booking.com/searchresults.pt-br.html?ss=Terra+Uco+Suites+%26+Vi%C3%B1edos%2C+Vista+Flores%2C+Prov%C3%ADncia+de+Mendoza+%28Uco+Valley%29%2C+Argentina&checkin=2026-09-04&checkout=2026-09-07&group_adults=2&no_rooms=1&group_children=&age=&selected_currency=BRL,https://www.google.com/travel/explore?tfs=CBwQAxopEgoyMDI2LTA2LTEzag0IAxIJL20vMDIycGZtcgwIBBIIL20vMDJqNzEaKRIKMjAyNi0wNi0xNGoMCAQSCC9tLzAyajcxcg0IAxIJL20vMDIycGZtQAFIAXABggELCP___________wGYAQGyAQIgAQ&tfu=GioaKAoSCfGsOLrXgkLAEYDM2geLYUrAEhIJjwdQ_nX2R8ARQGbtgzWKVsA&hl=pt&curr=BRL,11540.0
70,CXJ,Caxias do Sul,Brazil,2026-09-05,booking,5455,1020,2,Hotel Valle D'incanto,https://www.booking.com/searchresults.pt-br.html?ss=Hotel+Valle+Dincanto%2C+Gramado&checkin=2026-09-05&checkout=2026-09-07&group_adults=2&no_rooms=1&group_children=&age=&selected_currency=BRL,https://www.google.com/travel/explore?tfs=CBwQAxopEgoyMDI2LTA2LTEzag0IAxIJL20vMDIycGZtcgwIBBIIL20vMDJqNzEaKRIKMjAyNi0wNi0xNGoMCAQSCC9tLzAyajcxcg0IAxIJL20vMDIycGZtQAFIAXABggELCP___________wGYAQGyAQIgAQ&tfu=GioaKAoSCfGsOLrXgkLAEYDM2geLYUrAEhIJjwdQ_nX2R8ARQGbtgzWKVsA&hl=pt&curr=BRL,11575.0
64,NAT,Natal,Brazil,2026-09-05,booking,5458,1020,2,Toca da Coruja,https://www.booking.com/searchresults.pt-br.html?ss=Toca+da+Coruja%2C+Pipa%2C+Rio+Grande+do+Norte%2C+Brasil&checkin=2026-09-05&checkout=2026-09-07&group_adults=2&no_rooms=1&group_children=&age=&selected_currency=BRL,https://www.google.com/travel/explore?tfs=CBwQAxopEgoyMDI2LTA2LTEzag0IAxIJL20vMDIycGZtcgwIBBIIL20vMDJqNzEaKRIKMjAyNi0wNi0xNGoMCAQSCC9tLzAyajcxcg0IAxIJL20vMDIycGZtQAFIAXABggELCP___________wGYAQGyAQIgAQ&tfu=GioaKAoSCfGsOLrXgkLAEYDM2geLYUrAEhIJjwdQ_nX2R8ARQGbtgzWKVsA&hl=pt&curr=BRL,11578.0
69,CXJ,Caxias do Sul,Brazil,2026-09-04,booking,5643,1020,3,Celeiro Lake Village,https://www.booking.com/searchresults.pt-br.html?ss=Celeiro+Lake+Village%2C+S%C3%A3o+Francisco+de+Paula&checkin=2026-09-04&checkout=2026-09-07&group_adults=2&no_rooms=1&group_children=&age=&selected_currency=BRL,https://www.google.com/travel/explore?tfs=CBwQAxopEgoyMDI2LTA2LTEzag0IAxIJL20vMDIycGZtcgwIBBIIL20vMDJqNzEaKRIKMjAyNi0wNi0xNGoMCAQSCC9tLzAyajcxcg0IAxIJL20vMDIycGZtQAFIAXABggELCP___________wGYAQGyAQIgAQ&tfu=GioaKAoSCQl02cp_wzvAEYDM2gcriUbAEhIJbf7U094ERMARQGbtgwWeVMA&hl=pt&curr=BRL,11763.0
53,CNF,Belo Horizonte,Brazil,2026-09-04,booking,5845,1020,3,Hotel Solar do Rosário,https://www.booking.com/searchresults.pt-br.html?ss=Hotel+Solar+do+Ros%C3%A1rio%2C+Ouro+Preto&checkin=2026-09-04&checkout=2026-09-07&group_adults=2&no_rooms=1&group_children=&age=&selected_currency=BRL,https://www.google.com/travel/explore?tfs=CBwQAxopEgoyMDI2LTA2LTEzag0IAxIJL20vMDIycGZtcgwIBBIIL20vMDJqNzEaKRIKMjAyNi0wNi0xNGoMCAQSCC9tLzAyajcxcg0IAxIJL20vMDIycGZtQAFIAXABggELCP___________wGYAQGyAQIgAQ&tfu=GioaKAoSCQl02cp_wzvAEYDM2gcriUbAEhIJbf7U094ERMARQGbtgwWeVMA&hl=pt&curr=BRL,11965.0
33,EZE,Unknown,Unknown,2026-09-04,booking,6613,1020,3,Mio Buenos Aires,https://www.booking.com/searchresults.pt-br.html?ss=Mio+Buenos+Aires%2C+Buenos+Aires%2C+Argentina&checkin=2026-09-04&checkout=2026-09-07&group_adults=2&no_rooms=1&group_children=&age=&selected_currency=BRL,https://www.google.com/travel/explore?tfs=CBwQAxopEgoyMDI2LTA2LTEzag0IAxIJL20vMDIycGZtcgwIBBIIL20vMDJqNzEaKRIKMjAyNi0wNi0xNGoMCAQSCC9tLzAyajcxcg0IAxIJL20vMDIycGZtQAFIAXABggELCP___________wGYAQGyAQIgAQ&tfu=GioaKAoSCfGsOLrXgkLAEYDM2geLYUrAEhIJjwdQ_nX2R8ARQGbtgzWKVsA&hl=pt&curr=BRL,12733.0
32,BUE,Unknown,Unknown,2026-09-05,booking,6752,1020,2,Palacio Duhau - Park Hyatt Buenos Aires,https://www.booking.com/searchresults.pt-br.html?ss=Palacio+Duhau+-+Park+Hyatt+Buenos+Aires%2C+Buenos+Aires%2C+Argentina&checkin=2026-09-05&checkout=2026-09-07&group_adults=2&no_rooms=1&group_children=&age=&selected_currency=BRL,https://www.google.com/travel/explore?tfs=CBwQAxopEgoyMDI2LTA2LTEzag0IAxIJL20vMDIycGZtcgwIBBIIL20vMDJqNzEaKRIKMjAyNi0wNi0xNGoMCAQSCC9tLzAyajcxcg0IAxIJL20vMDIycGZtQAFIAXABggELCP___________wGYAQGyAQIgAQ&tfu=GioaKAoSCQl02cp_wzvAEYDM2gcriUbAEhIJbf7U094ERMARQGbtgwWeVMA&hl=pt&curr=BRL,12872.0
70,CXJ,Caxias do Sul,Brazil,2026-09-05,booking,6791,1020,2,Castelo Saint Andrews,https://www.booking.com/searchresults.pt-br.html?ss=Castelo+Saint+Andrews%2C+Gramado%2C+Rio+Grande+do+Sul%2C+Brasil&checkin=2026-09-05&checkout=2026-09-07&group_adults=2&no_rooms=1&group_children=&age=&selected_currency=BRL,https://www.google.com/travel/explore?tfs=CBwQAxopEgoyMDI2LTA2LTEzag0IAxIJL20vMDIycGZtcgwIBBIIL20vMDJqNzEaKRIKMjAyNi0wNi0xNGoMCAQSCC9tLzAyajcxcg0IAxIJL20vMDIycGZtQAFIAXABggELCP___________wGYAQGyAQIgAQ&tfu=GioaKAoSCfGsOLrXgkLAEYDM2geLYUrAEhIJjwdQ_nX2R8ARQGbtgzWKVsA&hl=pt&curr=BRL,12911.0
5,AEP,Buenos Aires,Argentina,2026-09-05,booking,7062,1020,2,Four Seasons Hotel Buenos Aires,https://www.booking.com/searchresults.pt-br.html?ss=Four+Seasons+Hotel+Buenos+Aires%2C+Buenos+Aires%2C+Argentina&checkin=2026-09-05&checkout=2026-09-07&group_adults=2&no_rooms=1&group_children=&age=&selected_currency=BRL,https://www.google.com/travel/explore?tfs=CBwQAxopEgoyMDI2LTA2LTEzag0IAxIJL20vMDIycGZtcgwIBBIIL20vMDJqNzEaKRIKMjAyNi0wNi0xNGoMCAQSCC9tLzAyajcxcg0IAxIJL20vMDIycGZtQAFIAXABggELCP___________wGYAQGyAQIgAQ&tfu=GioaKAoSCfGsOLrXgkLAEYDM2geLYUrAEhIJjwdQ_nX2R8ARQGbtgzWKVsA&hl=pt&curr=BRL,13182.0
34,EZE,Unknown,Unknown,2026-09-05,booking,7062,1020,2,Four Seasons Hotel Buenos Aires,https://www.booking.com/searchresults.pt-br.html?ss=Four+Seasons+Hotel+Buenos+Aires%2C+Buenos+Aires%2C+Argentina&checkin=2026-09-05&checkout=2026-09-07&group_adults=2&no_rooms=1&group_children=&age=&selected_currency=BRL,https://www.google.com/travel/explore?tfs=CBwQAxopEgoyMDI2LTA2LTEzag0IAxIJL20vMDIycGZtcgwIBBIIL20vMDJqNzEaKRIKMjAyNi0wNi0xNGoMCAQSCC9tLzAyajcxcg0IAxIJL20vMDIycGZtQAFIAXABggELCP___________wGYAQGyAQIgAQ&tfu=GioaKAoSCQl02cp_wzvAEYDM2gcriUbAEhIJbf7U094ERMARQGbtgwWeVMA&hl=pt&curr=BRL,13182.0
15,USH,Ushuaia,Argentina,2026-09-05,booking,7353,1020,2,Arakur Ushuaia Resort & Spa,https://www.booking.com/searchresults.pt-br.html?ss=Arakur+Ushuaia+Resort+%26+Spa%2C+Ushuaia%2C+Terra+do+Fogo+%28Ushuaia+Ski%29%2C+Argentina&checkin=2026-09-05&checkout=2026-09-07&group_adults=2&no_rooms=1&group_children=&age=&selected_currency=BRL,https://www.google.com/travel/explore?tfs=CBwQAxopEgoyMDI2LTA2LTEzag0IAxIJL20vMDIycGZtcgwIBBIIL20vMDJqNzEaKRIKMjAyNi0wNi0xNGoMCAQSCC9tLzAyajcxcg0IAxIJL20vMDIycGZtQAFIAXABggELCP___________wGYAQGyAQIgAQ&tfu=GioaKAoSCfGsOLrXgkLAEYDM2geLYUrAEhIJjwdQ_nX2R8ARQGbtgzWKVsA&hl=pt&curr=BRL,13473.0
55,MAO,Manaus,Brazil,2026-09-04,booking,7920,1020,3,Hotel Villa Amazônia (Centro),https://www.booking.com/searchresults.pt-br.html?ss=Hotel+Villa+Amaz%C3%B4nia%2C+Manaus&checkin=2026-09-04&checkout=2026-09-07&group_adults=2&no_rooms=1&group_children=&age=&selected_currency=BRL,https://www.google.com/travel/explore?tfs=CBwQAxopEgoyMDI2LTA2LTEzag0IAxIJL20vMDIycGZtcgwIBBIIL20vMDJqNzEaKRIKMjAyNi0wNi0xNGoMCAQSCC9tLzAyajcxcg0IAxIJL20vMDIycGZtQAFIAXABggELCP___________wGYAQGyAQIgAQ&tfu=GioaKAoSCQl02cp_wzvAEYDM2gcriUbAEhIJbf7U094ERMARQGbtgwWeVMA&hl=pt&curr=BRL,14040.0
69,CXJ,Caxias do Sul,Brazil,2026-09-04,booking,8182,1020,3,Hotel Valle D'incanto,https://www.booking.com/searchresults.pt-br.html?ss=Hotel+Valle+Dincanto%2C+Gramado&checkin=2026-09-04&checkout=2026-09-07&group_adults=2&no_rooms=1&group_children=&age=&selected_currency=BRL,https://www.google.com/travel/explore?tfs=CBwQAxopEgoyMDI2LTA2LTEzag0IAxIJL20vMDIycGZtcgwIBBIIL20vMDJqNzEaKRIKMjAyNi0wNi0xNGoMCAQSCC9tLzAyajcxcg0IAxIJL20vMDIycGZtQAFIAXABggELCP___________wGYAQGyAQIgAQ&tfu=GioaKAoSCQl02cp_wzvAEYDM2gcriUbAEhIJbf7U094ERMARQGbtgwWeVMA&hl=pt&curr=BRL,14302.0
60,CPV,Campina Grande,Brazil,2026-09-04,booking,8187,1020,3,Toca da Coruja (139km),https://www.booking.com/searchresults.pt-br.html?ss=Toca+da+Coruja%2C+Pipa&checkin=2026-09-04&checkout=2026-09-07&group_adults=2&no_rooms=1&group_children=&age=&selected_currency=BRL,https://www.google.com/travel/explore?tfs=CBwQAxopEgoyMDI2LTA2LTEzag0IAxIJL20vMDIycGZtcgwIBBIIL20vMDJqNzEaKRIKMjAyNi0wNi0xNGoMCAQSCC9tLzAyajcxcg0IAxIJL20vMDIycGZtQAFIAXABggELCP___________wGYAQGyAQIgAQ&tfu=GioaKAoSCfGsOLrXgkLAEYDM2geLYUrAEhIJjwdQ_nX2R8ARQGbtgzWKVsA&hl=pt&curr=BRL,14307.0
47,SSA,Salvador,Brazil,2026-09-04,booking,8225,1020,3,Sauipe Brisa Premium,https://www.booking.com/searchresults.pt-br.html?ss=Sauipe+Brisa+Grand+Premium+All+Inclusive%2C+Costa+do+Sau%C3%ADpe%2C+Bahia&checkin=2026-09-04&checkout=2026-09-07&group_adults=2&no_rooms=1&group_children=&age=&selected_currency=BRL,https://www.google.com/travel/explore?tfs=CBwQAxopEgoyMDI2LTA2LTEzag0IAxIJL20vMDIycGZtcgwIBBIIL20vMDJqNzEaKRIKMjAyNi0wNi0xNGoMCAQSCC9tLzAyajcxcg0IAxIJL20vMDIycGZtQAFIAXABggELCP___________wGYAQGyAQIgAQ&tfu=GioaKAoSCQl02cp_wzvAEYDM2gcriUbAEhIJbf7U094ERMARQGbtgwWeVMA&hl=pt&curr=BRL,14345.0
4,AEP,Buenos Aires,Argentina,2026-09-04,booking,8771,1020,3,Faena Hotel Buenos Aires,https://www.booking.com/searchresults.pt-br.html?ss=Faena+Hotel+Buenos+Aires%2C+Buenos+Aires%2C+Argentina&checkin=2026-09-04&checkout=2026-09-07&group_adults=2&no_rooms=1&group_children=&age=&selected_currency=BRL,https://www.google.com/travel/explore?tfs=CBwQAxopEgoyMDI2LTA2LTEzag0IAxIJL20vMDIycGZtcgwIBBIIL20vMDJqNzEaKRIKMjAyNi0wNi0xNGoMCAQSCC9tLzAyajcxcg0IAxIJL20vMDIycGZtQAFIAXABggELCP___________wGYAQGyAQIgAQ&tfu=GioaKAoSCQl02cp_wzvAEYDM2gcriUbAEhIJbf7U094ERMARQGbtgwWeVMA&hl=pt&curr=BRL,14891.0
56,MAO,Manaus,Brazil,2026-09-05,booking,8881,1020,2,Amazon Ecopark Jungle Lodge,https://www.booking.com/searchresults.pt-br.html?ss=Amazon+Ecopark+Jungle+Lodge%2C+Manaus&checkin=2026-09-05&checkout=2026-09-07&group_adults=2&no_rooms=1&group_children=&age=&selected_currency=BRL,https://www.google.com/travel/explore?tfs=CBwQAxopEgoyMDI2LTA2LTEzag0IAxIJL20vMDIycGZtcgwIBBIIL20vMDJqNzEaKRIKMjAyNi0wNi0xNGoMCAQSCC9tLzAyajcxcg0IAxIJL20vMDIycGZtQAFIAXABggELCP___________wGYAQGyAQIgAQ&tfu=GioaKAoSCfGsOLrXgkLAEYDM2geLYUrAEhIJjwdQ_nX2R8ARQGbtgzWKVsA&hl=pt&curr=BRL,15001.0
55,MAO,Manaus,Brazil,2026-09-04,booking,8899,1020,3,Juma Opera,https://www.booking.com/searchresults.pt-br.html?ss=Juma+%C3%93pera+Boutique+Hotel+%26+Spa&checkin=2026-09-04&checkout=2026-09-07&group_adults=2&no_rooms=1&group_children=&age=&selected_currency=BRL,https://www.google.com/travel/explore?tfs=CBwQAxopEgoyMDI2LTA2LTEzag0IAxIJL20vMDIycGZtcgwIBBIIL20vMDJqNzEaKRIKMjAyNi0wNi0xNGoMCAQSCC9tLzAyajcxcg0IAxIJL20vMDIycGZtQAFIAXABggELCP___________wGYAQGyAQIgAQ&tfu=GioaKAoSCQl02cp_wzvAEYDM2gcriUbAEhIJbf7U094ERMARQGbtgwWeVMA&hl=pt&curr=BRL,15019.0
31,BUE,Unknown,Unknown,2026-09-04,booking,8906,1020,3,Casa Lucia Member of Melia Collection,https://www.booking.com/searchresults.pt-br.html?ss=Casa+Lucia+Member+of+Melia+Collection%2C+Buenos+Aires%2C+Argentina&checkin=2026-09-04&checkout=2026-09-07&group_adults=2&no_rooms=1&group_children=&age=&selected_currency=BRL,https://www.google.com/travel/explore?tfs=CBwQAxopEgoyMDI2LTA2LTEzag0IAxIJL20vMDIycGZtcgwIBBIIL20vMDJqNzEaKRIKMjAyNi0wNi0xNGoMCAQSCC9tLzAyajcxcg0IAxIJL20vMDIycGZtQAFIAXABggELCP___________wGYAQGyAQIgAQ&tfu=GioaKAoSCfGsOLrXgkLAEYDM2geLYUrAEhIJjwdQ_nX2R8ARQGbtgzWKVsA&hl=pt&curr=BRL,15026.0
4,AEP,Buenos Aires,Argentina,2026-09-04,booking,8906,1020,3,Casa Lucia Member of Melia Collection,https://www.booking.com/searchresults.pt-br.html?ss=Casa+Lucia+Member+of+Melia+Collection%2C+Buenos+Aires%2C+Argentina&checkin=2026-09-04&checkout=2026-09-07&group_adults=2&no_rooms=1&group_children=&age=&selected_currency=BRL,https://www.google.com/travel/explore?tfs=CBwQAxopEgoyMDI2LTA2LTEzag0IAxIJL20vMDIycGZtcgwIBBIIL20vMDJqNzEaKRIKMjAyNi0wNi0xNGoMCAQSCC9tLzAyajcxcg0IAxIJL20vMDIycGZtQAFIAXABggELCP___________wGYAQGyAQIgAQ&tfu=GioaKAoSCQl02cp_wzvAEYDM2gcriUbAEhIJbf7U094ERMARQGbtgwWeVMA&hl=pt&curr=BRL,15026.0
63,NAT,Natal,Brazil,2026-09-04,booking,10143,1020,3,Filha da Lua Ecolodge (94km),https://www.booking.com/searchresults.pt-br.html?ss=Filha+Da+Lua+Ecolodge%2C+Pipa&checkin=2026-09-04&checkout=2026-09-07&group_adults=2&no_rooms=1&group_children=&age=&selected_currency=BRL,https://www.google.com/travel/explore?tfs=CBwQAxopEgoyMDI2LTA2LTEzag0IAxIJL20vMDIycGZtcgwIBBIIL20vMDJqNzEaKRIKMjAyNi0wNi0xNGoMCAQSCC9tLzAyajcxcg0IAxIJL20vMDIycGZtQAFIAXABggELCP___________wGYAQGyAQIgAQ&tfu=GioaKAoSCQl02cp_wzvAEYDM2gcriUbAEhIJbf7U094ERMARQGbtgwWeVMA&hl=pt&curr=BRL,16263.0
69,CXJ,Caxias do Sul,Brazil,2026-09-04,booking,10186,1020,3,Castelo Saint Andrews,https://www.booking.com/searchresults.pt-br.html?ss=Castelo+Saint+Andrews%2C+Gramado%2C+Rio+Grande+do+Sul%2C+Brasil&checkin=2026-09-04&checkout=2026-09-07&group_adults=2&no_rooms=1&group_children=&age=&selected_currency=BRL,https://www.google.com/travel/explore?tfs=CBwQAxopEgoyMDI2LTA2LTEzag0IAxIJL20vMDIycGZtcgwIBBIIL20vMDJqNzEaKRIKMjAyNi0wNi0xNGoMCAQSCC9tLzAyajcxcg0IAxIJL20vMDIycGZtQAFIAXABggELCP___________wGYAQGyAQIgAQ&tfu=GioaKAoSCQl02cp_wzvAEYDM2gcriUbAEhIJbf7U094ERMARQGbtgwWeVMA&hl=pt&curr=BRL,16306.0
9,MDZ,Mendoza,Argentina,2026-09-04,booking,12255,1020,3,Chozos Resort,https://www.booking.com/searchresults.pt-br.html?ss=Chozos+Resort%2C+Agrelo%2C+Prov%C3%ADncia+de+Mendoza%2C+Argentina&checkin=2026-09-04&checkout=2026-09-07&group_adults=2&no_rooms=1&group_children=&age=&selected_currency=BRL,https://www.google.com/travel/explore?tfs=CBwQAxopEgoyMDI2LTA2LTEzag0IAxIJL20vMDIycGZtcgwIBBIIL20vMDJqNzEaKRIKMjAyNi0wNi0xNGoMCAQSCC9tLzAyajcxcg0IAxIJL20vMDIycGZtQAFIAXABggELCP___________wGYAQGyAQIgAQ&tfu=GioaKAoSCfGsOLrXgkLAEYDM2geLYUrAEhIJjwdQ_nX2R8ARQGbtgzWKVsA&hl=pt&curr=BRL,18375.0
4,AEP,Buenos Aires,Argentina,2026-09-04,booking,12769,1020,3,Alvear Palace Hotel - Leading Hotels of the World,https://www.booking.com/searchresults.pt-br.html?ss=Alvear+Palace+Hotel+-+Leading+Hotels+of+the+World%2C+Buenos+Aires%2C+Argentina&checkin=2026-09-04&checkout=2026-09-07&group_adults=2&no_rooms=1&group_children=&age=&selected_currency=BRL,https://www.google.com/travel/explore?tfs=CBwQAxopEgoyMDI2LTA2LTEzag0IAxIJL20vMDIycGZtcgwIBBIIL20vMDJqNzEaKRIKMjAyNi0wNi0xNGoMCAQSCC9tLzAyajcxcg0IAxIJL20vMDIycGZtQAFIAXABggELCP___________wGYAQGyAQIgAQ&tfu=GioaKAoSCQl02cp_wzvAEYDM2gcriUbAEhIJbf7U094ERMARQGbtgwWeVMA&hl=pt&curr=BRL,18889.0
31,BUE,Unknown,Unknown,2026-09-04,booking,12769,1020,3,Alvear Palace Hotel - Leading Hotels of the World,https://www.booking.com/searchresults.pt-br.html?ss=Alvear+Palace+Hotel+-+Leading+Hotels+of+the+World%2C+Buenos+Aires%2C+Argentina&checkin=2026-09-04&checkout=2026-09-07&group_adults=2&no_rooms=1&group_children=&age=&selected_currency=BRL,https://www.google.com/travel/explore?tfs=CBwQAxopEgoyMDI2LTA2LTEzag0IAxIJL20vMDIycGZtcgwIBBIIL20vMDJqNzEaKRIKMjAyNi0wNi0xNGoMCAQSCC9tLzAyajcxcg0IAxIJL20vMDIycGZtQAFIAXABggELCP___________wGYAQGyAQIgAQ&tfu=GioaKAoSCfGsOLrXgkLAEYDM2geLYUrAEhIJjwdQ_nX2R8ARQGbtgzWKVsA&hl=pt&curr=BRL,18889.0
39,CAC,Cascavel,Brazil,2026-09-04,booking,13198,1020,3,Gran Melia (ARG),https://www.booking.com/searchresults.pt-br.html?ss=Gran+Meli%C3%A1+Iguaz%C3%BA%2C+Puerto+Iguaz%C3%BA%2C+Misiones%2C+Argentina&checkin=2026-09-04&checkout=2026-09-07&group_adults=2&no_rooms=1&group_children=&age=&selected_currency=BRL,https://www.google.com/travel/explore?tfs=CBwQAxopEgoyMDI2LTA2LTEzag0IAxIJL20vMDIycGZtcgwIBBIIL20vMDJqNzEaKRIKMjAyNi0wNi0xNGoMCAQSCC9tLzAyajcxcg0IAxIJL20vMDIycGZtQAFIAXABggELCP___________wGYAQGyAQIgAQ&tfu=GioaKAoSCQl02cp_wzvAEYDM2gcriUbAEhIJbf7U094ERMARQGbtgwWeVMA&hl=pt&curr=BRL,19318.0
63,NAT,Natal,Brazil,2026-09-04,booking,17780,1020,3,Vogal Luxury (40km),https://www.booking.com/searchresults.pt-br.html?ss=Vogal+Luxury+Beach+Hotel+%26+SPA%2C+Natal&checkin=2026-09-04&checkout=2026-09-07&group_adults=2&no_rooms=1&group_children=&age=&selected_currency=BRL,https://www.google.com/travel/explore?tfs=CBwQAxopEgoyMDI2LTA2LTEzag0IAxIJL20vMDIycGZtcgwIBBIIL20vMDJqNzEaKRIKMjAyNi0wNi0xNGoMCAQSCC9tLzAyajcxcg0IAxIJL20vMDIycGZtQAFIAXABggELCP___________wGYAQGyAQIgAQ&tfu=GioaKAoSCQl02cp_wzvAEYDM2gcriUbAEhIJbf7U094ERMARQGbtgwWeVMA&hl=pt&curr=BRL,23900.0
65,NVT,Navegantes,Brazil,2026-09-04,booking,19443,1020,3,Ponta dos Ganchos Awasi (93km),https://www.booking.com/searchresults.pt-br.html?ss=Awasi+Santa+Catarina%2C+Governador+Celso+Ramos&checkin=2026-09-04&checkout=2026-09-07&group_adults=2&no_rooms=1&group_children=&age=&selected_currency=BRL,https://www.google.com/travel/explore?tfs=CBwQAxopEgoyMDI2LTA2LTEzag0IAxIJL20vMDIycGZtcgwIBBIIL20vMDJqNzEaKRIKMjAyNi0wNi0xNGoMCAQSCC9tLzAyajcxcg0IAxIJL20vMDIycGZtQAFIAXABggELCP___________wGYAQGyAQIgAQ&tfu=GioaKAoSCQl02cp_wzvAEYDM2gcriUbAEhIJbf7U094ERMARQGbtgwWeVMA&hl=pt&curr=BRL,25563.0
55,MAO,Manaus,Brazil,2026-09-04,booking,20691,1020,3,Uiara Amazon,https://www.booking.com/searchresults.pt-br.html?ss=Uiara+Amazon+Resort&checkin=2026-09-04&checkout=2026-09-07&group_adults=2&no_rooms=1&group_children=&age=&selected_currency=BRL,https://www.google.com/travel/explore?tfs=CBwQAxopEgoyMDI2LTA2LTEzag0IAxIJL20vMDIycGZtcgwIBBIIL20vMDJqNzEaKRIKMjAyNi0wNi0xNGoMCAQSCC9tLzAyajcxcg0IAxIJL20vMDIycGZtQAFIAXABggELCP___________wGYAQGyAQIgAQ&tfu=GioaKAoSCQl02cp_wzvAEYDM2gcriUbAEhIJbf7U094ERMARQGbtgwWeVMA&hl=pt&curr=BRL,26811.0
36,UBA,Uberaba,Brazil,2026-09-04,booking,21600,1020,3,Vila Mattuto - Casa Paiol (24pax),https://www.booking.com/searchresults.pt-br.html?ss=Vila+Mattuto+-+Casa+Paiol%2C+Miguel%C3%B3polis%2C+Estado+de+S%C3%A3o+Paulo%2C+Brasil&checkin=2026-09-04&checkout=2026-09-07&group_adults=2&no_rooms=1&group_children=&age=&selected_currency=BRL,https://www.google.com/travel/explore?tfs=CBwQAxopEgoyMDI2LTA2LTEzag0IAxIJL20vMDIycGZtcgwIBBIIL20vMDJqNzEaKRIKMjAyNi0wNi0xNGoMCAQSCC9tLzAyajcxcg0IAxIJL20vMDIycGZtQAFIAXABggELCP___________wGYAQGyAQIgAQ&tfu=GioaKAoSCfGsOLrXgkLAEYDM2geLYUrAEhIJjwdQ_nX2R8ARQGbtgzWKVsA&hl=pt&curr=BRL,27720.0
